id,conversation_id,created_at,date,time,timezone,user_id,username,name,place,tweet,language,mentions,urls,photos,replies_count,retweets_count,likes_count,hashtags,cashtags,link,retweet,quote_url,video,thumbnail,near,geo,source,user_rt_id,user_rt,retweet_id,reply_to,retweet_date,translate,trans_src,trans_dest
1155503823726817281,1155502540873764864,2019-07-28 12:42:34 SA Eastern Standard Time,2019-07-28,12:42:34,-0300,858343420863148032,mari85814536,Malu ‚ñ™,,@senadorhumberto A Amaz√¥nia desde janeiro √© per√≠odo de chuvas di√°rias. N√£o tem como fazer queimadas ou transportar madeiras nas estradas (ramal) dentro da floresta. Agora que vai come√ßar o ver√£o. Mentem quando dizem que aumentou desmatamento no governo Bolsonaro. Fake news.,pt,[],[],[],0,0,7,[],[],https://twitter.com/mari85814536/status/1155503823726817281,False,,0,,,,,,,,"[{'screen_name': 'senadorhumberto', 'name': 'Humberto Costa', 'id': '76049312'}]",,,,
1155496238227365889,1155489039006519296,2019-07-28 12:12:25 SA Eastern Standard Time,2019-07-28,12:12:25,-0300,858343420863148032,mari85814536,Malu ‚ñ™,,"@o_antagonista Essa √©poca do ano com as chuvas di√°rias na Amaz√¥nia n√£o h√° queimadas ,nem desmatamento. As   estradas ficam intrafegaveis dentro da mata. Os rios transbordam nesse per√≠odo de cheia,come√ßam a vazar a partir de Mar√ßo. Tudo fake news.",pt,[],[],[],2,0,7,[],[],https://twitter.com/mari85814536/status/1155496238227365889,False,,0,,,,,,,,"[{'screen_name': 'o_antagonista', 'name': 'O Antagonista', 'id': '2880932962'}]",,,,
1154897300378046464,1154897300378046464,2019-07-26 20:32:28 SA Eastern Standard Time,2019-07-26,20:32:28,-0300,107751841,portalemtempo,Portal Em Tempo,,Chegada do ver√£o na Amaz√¥nia acende alerta para queimadas  https://t.co/e7gSspoJXy,pt,[],['http://mwl.press/AET166053'],[],0,4,6,[],[],https://twitter.com/portalemtempo/status/1154897300378046464,False,,0,,,,,,,,[],,,,
1154840474752049152,1154840474752049152,2019-07-26 16:46:39 SA Eastern Standard Time,2019-07-26,16:46:39,-0300,37234500,esilvaneiro,Capuccino √© vida ‚òï,,"Deixa ver a l√≥gica disso a√≠... O cara quer vender o oxig√™nio da Amaz√¥nia, q s√≥ em junho teve mais 900 km2 de √°rea desmatada, e nesse per√≠odo de ver√£o, sofre com as queimadas. Essa conto da carochinha de ""alma do Brasil"" √© t√£o furada quanto o ""integrar pra n√£o entregar"" do M√©dici.",pt,[],[],[],0,0,0,[],[],https://twitter.com/esilvaneiro/status/1154840474752049152,False,https://twitter.com/fiscaldoibama/status/1154733611490381824,0,,,,,,,,[],,,,
1154772977675841537,1154772977675841537,2019-07-26 12:18:27 SA Eastern Standard Time,2019-07-26,12:18:27,-0300,1150799841624231937,alexand37593906,Alexandre Alves,,"Queimadas na Amaz√¥nia, at√© quando?  Chegou a hora de destruir os que destroem a terra!  JESUS CRISTO √â O SENHOR DEUS DA VERDADE...  https://t.co/eEAGlID0bj",pt,[],['https://www.instagram.com/p/B0YnzGeA_9s/?igshid=uhxdxyh4m2ja'],[],0,0,0,[],[],https://twitter.com/Alexand37593906/status/1154772977675841537,False,,0,,,,,,,,[],,,,
1154553399419035653,1154546890698055680,2019-07-25 21:45:55 SA Eastern Standard Time,2019-07-25,21:45:55,-0300,50153262,marcoaureliop,Marco Aurelio üáßüá∑,,"@jornal_cultura @jairbolsonaro O periodo de Chuvas na Amazonia, vai de dezembro a meados de Junho, como pode ter fotografias de satelites com nuvens??  ""Historicamente o m√™s de julho abre a temporada de queimadas na Amaz√¥nia. O per√≠odo de poucas chuvas e vegeta√ß√£o mais seca""   https://t.co/4spRU9pnct",pt,[],['http://www.inpe.br/noticias/noticia.php?Cod_Noticia=4814'],[],0,0,0,[],[],https://twitter.com/marcoaureliop/status/1154553399419035653,False,,0,,,,,,,,"[{'screen_name': 'jornal_cultura', 'name': 'Jornalismo TV Cultura', 'id': '126750296'}, {'screen_name': 'jairbolsonaro', 'name': 'Jair M. Bolsonaro', 'id': '128372940'}]",,,,
1154547847280222208,1154382647612923906,2019-07-25 21:23:51 SA Eastern Standard Time,2019-07-25,21:23:51,-0300,559886075,onivalsouza,Onival de Souza,,"@andresadede @jairbolsonaro Desmatamento e queimadas sob chuva, babaca? De janeiro a julho √© s√≥ chuva na Amaz√¥nia, seu est√∫pido!",pt,[],[],[],0,0,0,[],[],https://twitter.com/OnivalSouza/status/1154547847280222208,False,,0,,,,,,,,"[{'screen_name': 'andresadede', 'name': 'Andresa _/\\_', 'id': '220368371'}, {'screen_name': 'jairbolsonaro', 'name': 'Jair M. Bolsonaro', 'id': '128372940'}]",,,,
1154497034902298629,1154379670181298176,2019-07-25 18:01:57 SA Eastern Standard Time,2019-07-25,18:01:57,-0300,1106333057861251072,marcioa71930033,Bolsominion e tudo pao com ovo,,@Mariada94156889 @veluc111 @zehdeabreu @ojgallo Desmatamento com queimadas?coitado.bozo dizendo que a Amaz√¥nia √© nossa? √© caso de dem√™ncia pela idade talvez,pt,[],[],[],1,1,4,[],[],https://twitter.com/Marcioa71930033/status/1154497034902298629,False,,0,,,,,,,,"[{'screen_name': 'Mariada94156889', 'name': 'Mariada', 'id': '1018717171713761280'}, {'screen_name': 'veluc111', 'name': 'vera araujo üö©üáßüá∑', 'id': '705051194415308800'}, {'screen_name': 'zehdeabreu', 'name': 'Jos√© de Abreu', 'id': '206222507'}]",,,,
1154496945660076032,1154201277968072705,2019-07-25 18:01:36 SA Eastern Standard Time,2019-07-25,18:01:36,-0300,165617266,aninha_c_guedes,Ana Guedes,,@AbrahamWeint Ministro @AbrahamWeint  mais uma desse jornaleiro mentiroso  https://t.co/wkZu62dOcE  As queimadas na Amaz√¥nia s√£o imposs√≠veis no 1¬∫ semestre pois as chuvas n√£o permitem.,pt,"[{'screen_name': 'abrahamweint', 'name': 'abraham weintraub', 'id': '1120399498692497408'}]",['https://youtu.be/uQDAtDYcXXM'],[],0,0,0,[],[],https://twitter.com/aninha_c_guedes/status/1154496945660076032,False,,0,,,,,,,,"[{'screen_name': 'AbrahamWeint', 'name': 'Abraham Weintraub', 'id': '1120399498692497408'}]",,,,
1154470200172929024,1154470200172929024,2019-07-25 16:15:19 SA Eastern Standard Time,2019-07-25,16:15:19,-0300,1057666562063298560,rubenscavalca18,Rubens Cavalcanti,,"O mentiroso suerdista diretor do IMP vem √† p√∫blico dizer que o desmatamento na Amaz√¥nia aumentou desde janeiro por conta das queimadas. Se esquece ele que, nesse per√≠odo √© s√≥ chuva na regi√£o. MENTIROSO!!!!!! ve https://youtu.be/uQDAtDYcXXM",pt,[],[],[],0,0,0,[],[],https://twitter.com/RubensCavalca18/status/1154470200172929024,False,,0,,,,,,,,[],,,,
1154379277800038402,1154379277800038402,2019-07-25 10:14:01 SA Eastern Standard Time,2019-07-25,10:14:01,-0300,23945369,lauritabruxinha,Laurita,,"O aumento das queimadas na Amaz√¥nia aumentou em cerca de 88% em rela√ß√£o ao mesmo per√≠odo do ano passado.   Se voc√™ √© contra a divulga√ß√£o dos dados do  INPE,  ent√£o voc√™ tamb√©m est√°‚Ä¶  https://t.co/7EKUzHd9pI",pt,[],['https://www.instagram.com/p/B0V0xtbF7yS6MbW-h9Lsc28abRnkJi-_PzqVKE0/?igshid=1vx577zi4qx7y'],[],0,0,0,[],[],https://twitter.com/LauritaBruxinha/status/1154379277800038402,False,,0,,,,,,,,[],,,,
1154217700329172993,1154217700329172993,2019-07-24 23:31:58 SA Eastern Standard Time,2019-07-24,23:31:58,-0300,2427723474,celsomtnv,Celso Mota Novais,,"Dr. Marcos m√©dico em Santar√©m P√°. revoltado com o que a TV Globo divulga sobre a floresta amaz√¥nica. E o entrevistado da Globo mentindo disse que de jan. a julh./2019 aumentou as queimadas. Na Amaz√¥nia chove durante 6 meses  quase Ininterruptamente, n√£o h√° como fazer queimadas?  https://t.co/xc1sil1ONG",pt,[],[],[],0,0,0,[],[],https://twitter.com/CelsoMtNv/status/1154217700329172993,False,,1,https://pbs.twimg.com/ext_tw_video_thumb/1154217593093459969/pu/img/Ng5fhJPB2KcZ8KJ-.jpg,,,,,,,[],,,,
1154188106888818688,1154188106888818688,2019-07-24 21:34:23 SA Eastern Standard Time,2019-07-24,21:34:23,-0300,1061758466199613441,roberto31815935,Roberto Carlos,,Aumento de queimadas na Amaz√¥nia: Mais uma mentira deslavada. https://t.co/pDZYrs8aYO,pt,[],['https://youtu.be/uQDAtDYcXXM'],[],0,0,0,[],[],https://twitter.com/Roberto31815935/status/1154188106888818688,False,,0,,,,,,,,[],,,,
1154150671865843713,1153387135392784384,2019-07-24 19:05:37 SA Eastern Standard Time,2019-07-24,19:05:37,-0300,50153262,marcoaureliop,Marco Aurelio üáßüá∑,,@andreazzaeditor Qual √© a √©poca de chuvas na Amaz√¥nia? √â poss√≠vel fazer queimadas e desmatamento neste per√≠odo?,pt,[],[],[],0,0,0,[],[],https://twitter.com/marcoaureliop/status/1154150671865843713,False,,0,,,,,,,,"[{'screen_name': 'andreazzaeditor', 'name': 'Carlos Andreazza', 'id': '2525807683'}]",,,,
1154014763887878145,1154014763887878145,2019-07-24 10:05:34 SA Eastern Standard Time,2019-07-24,10:05:34,-0300,945339108,ruthfmaier,Ruth Farber Maier,,√â interessante um povinho a√≠ falando que nesse primeiro semestre aumentou o desmatamento na Amaz√¥nia. Da√≠ eu pergunto: De janeiro a  junho/julho n√£o s√£o os meses de chuva l√°? Como conseguem desmatar e/ou fazer queimadas debaixo de chuva?,pt,[],[],[],0,0,0,[],[],https://twitter.com/ruthfmaier/status/1154014763887878145,False,,0,,,,,,,,[],,,,
1154009306913746944,1154009306913746944,2019-07-24 09:43:53 SA Eastern Standard Time,2019-07-24,09:43:53,-0300,586247355,pompeupezzi,Pompeu Antonio Pezzi,,DIZEM QUE NA AMAZ√îNIA AUMENTOU DESMATAMNTO E QUEIMADAS...MAS CHOVE 6 MESES DE JANEIRO A JUNHO.üòÇüòÇüòÇü§£ü§£ü§£,pt,[],[],[],0,0,0,[],[],https://twitter.com/PompeuPezzi/status/1154009306913746944,False,,0,,,,,,,,[],,,,
1153863018587074561,1153863018587074561,2019-07-24 00:02:36 SA Eastern Standard Time,2019-07-24,00:02:36,-0300,1061232714353963008,luischaves72,Luis Chavesüáßüá∑üá∫üá∏üáÆüá±,,"As muitas chuvas q acontecem, q caem na Amaz√¥nia de Janeiro at√© julho nao permitem queimadas  https://t.co/hLyL5Figeg",pt,[],[],[],0,0,0,[],[],https://twitter.com/LuisChaves72/status/1153863018587074561,False,,1,https://pbs.twimg.com/ext_tw_video_thumb/1153861971273498625/pu/img/NNe_lvFDn6aXHw8T.jpg,,,,,,,[],,,,
1153860938417823744,1153860938417823744,2019-07-23 23:54:20 SA Eastern Standard Time,2019-07-23,23:54:20,-0300,991654067163328512,walkaraujo1,Walk√≠ria Ara√∫jo,,"Dr. Marcos, m√©dico em  Santar√©m no Par√°.   ""Se de janeiro a junho, julho as chuvas s√£o intensas na amaz√¥nia e no Norte do Brasil, como se justifica o aumento do desmatamento e das queimadas na chuva? Estranho...""",pt,[],[],[],0,0,0,[],[],https://twitter.com/Walkaraujo1/status/1153860938417823744,False,https://twitter.com/aruthcao/status/1153852766898573312,0,,,,,,,,[],,,,
1153830636702056451,1153830636702056451,2019-07-23 21:53:55 SA Eastern Standard Time,2019-07-23,21:53:55,-0300,3295808599,jugutier70,Juraci Vieira Gutierres,,"""Enquanto as grandes florestas da Amaz√¥nia forem cortadas e queimadas, enquanto as terras protegidas dos povos ind√≠genas puderem ser invadidas, enquanto as zonas √∫midas e os p√¢ntanos forem destru√≠dos, nossas metas clim√°ticas permanecer√£o fora de alcance. Estaremos fora do tempo"".",pt,[],[],[],0,0,1,[],[],https://twitter.com/jugutier70/status/1153830636702056451,False,https://twitter.com/ClaudiaCostin/status/1153787435077128193,0,,,,,,,,[],,,,
1153797650740678656,1153797650740678656,2019-07-23 19:42:51 SA Eastern Standard Time,2019-07-23,19:42:51,-0300,3313240672,josemuniz787,Jose H Muniz,,"Bravo cidad√£o m√©dico da cidade de Santar√©m -PA, manda recado direto a Globo, combatendo a desinforma√ß√£o veiculada por ela, sobre desmatamento e queimadas na Amaz√¥nia.  https://t.co/HgoHPUZRpk",pt,[],[],[],0,0,0,[],[],https://twitter.com/josemuniz787/status/1153797650740678656,False,,1,https://pbs.twimg.com/ext_tw_video_thumb/1153797178436939778/pu/img/5X7LBcxAWFTt3UpP.jpg,,,,,,,[],,,,
1153786191994429441,1153786191994429441,2019-07-23 18:57:19 SA Eastern Standard Time,2019-07-23,18:57:19,-0300,1081646954713673728,rejsantossilva,Rejane Santos-Silva,,"Amaz√¥nia estoca carbono nas √°rvores que se liberados na atmosfera, via desmatamento e queimadas, aumentaria as taxas de gases estufa contribuindo para as mudan√ßas clim√°ticas  Precisamos defender as florestas pelo valor da biodiversidade e pela contribui√ß√£o para o bem-estar humano",pt,[],[],[],0,0,0,[],[],https://twitter.com/rejsantossilva/status/1153786191994429441,False,https://twitter.com/BPBES_oficial/status/1153738629430296577,0,,,,,,,,[],,,,
1153784340263817217,1153780901760905216,2019-07-23 18:49:57 SA Eastern Standard Time,2019-07-23,18:49:57,-0300,2252481990,eurypedis_pio,Coluna do V√©i¬Æü¶äüáßüá∑üáÆüá±üá∫üá∏,,"@jornalnacional Estou com medo. Segundo a Globo as queimadas na Amaz√¥nia aumentaram 88% na √©poca chuvosa.(janeiro a julho) Quando a seca chegar at√© o Rio Amazonas vai pro pau, vai virar Riacho do Fogo!",pt,[],[],[],0,0,1,[],[],https://twitter.com/eurypedis_pio/status/1153784340263817217,False,,0,,,,,,,,"[{'screen_name': 'jornalnacional', 'name': 'Jornal Nacional', 'id': '214570761'}]",,,,
1153783659674996738,1153783659674996738,2019-07-23 18:47:15 SA Eastern Standard Time,2019-07-23,18:47:15,-0300,2252481990,eurypedis_pio,Coluna do V√©i¬Æü¶äüáßüá∑üáÆüá±üá∫üá∏,,"Estou com medo. Segundo a Globo as queimadas na Amaz√¥nia aumentaram 88% na √©poca chuvosa.(janeiro a julho) Quando a seca chegar at√© o Rio Amazonas vai pro pau, vai virar Riachinho do Fogo!",pt,[],[],[],0,0,2,[],[],https://twitter.com/eurypedis_pio/status/1153783659674996738,False,,0,,,,,,,,[],,,,
1153713043576172544,1153713043576172544,2019-07-23 14:06:39 SA Eastern Standard Time,2019-07-23,14:06:39,-0300,186914689,sandrafraiha,Sandra Fraiha,,Olha que Boa not√≠cia.!! Na Amaz√¥nia em √©poca de chuva n√£o pode haver queimadas!!? Bem sempre aprendi que a √°gua apaga o fogo..  https://t.co/ri7aKTATsY,pt,[],[],[],0,0,0,[],[],https://twitter.com/sandrafraiha/status/1153713043576172544,False,,1,https://pbs.twimg.com/ext_tw_video_thumb/1153711270299914242/pu/img/6p-WNx9VxuL2LeXn.jpg,,,,,,,[],,,,
1153658982411788293,1153658982411788293,2019-07-23 10:31:50 SA Eastern Standard Time,2019-07-23,10:31:50,-0300,881147529177571328,fegaadm,Patriota Felliciano de Sociologia üåªüåªüåªüåª,,Amaz√¥nia chove de Janeiro a julho. Nao pode haver tantas queimadas nem desmatamento. J√° vivenciaram as chuvas amazonicas? Impossivel trabalhar na mata. Producao la somente de agosto a novembro. Morem la e conhe√ßam como eu conheci.,pt,[],[],[],0,0,1,[],[],https://twitter.com/FegaAdm/status/1153658982411788293,False,https://twitter.com/mauriciobastaz1/status/1153656687020118016,0,,,,,,,,[],,,,
1153638180370804738,1153638180370804738,2019-07-23 09:09:10 SA Eastern Standard Time,2019-07-23,09:09:10,-0300,1127495868599287808,charlesdematos3,Charlesdematos,,üëèüëèüëèüáßüá∑üáßüá∑üíöüíõüëçaprendersm seus in√∫teis? De janeiro a julho chove na Amaz√¥nia e n√£o trem queimadas seus cabe√ßas quadradas. üòâüòâüòÅüòÅ  https://t.co/8kofNPhx77,pt,[],[],[],0,1,1,[],[],https://twitter.com/Charlesdematos3/status/1153638180370804738,False,,1,https://pbs.twimg.com/ext_tw_video_thumb/1153638121600249856/pu/img/YO8FbtL6XAYH52U_.jpg,,,,,,,[],,,,
1153631638410137600,1153631638410137600,2019-07-23 08:43:10 SA Eastern Standard Time,2019-07-23,08:43:10,-0300,1048253306622136321,saense1,Saense,,Manejo sustent√°vel pode salvar a Amaz√¥nia das queimadas  https://t.co/Mwcke4IJyx O uso planejado e sustent√°vel da terra na Amaz√¥nia pode minimizar drasticamente a degrada√ß√£o florestal na regi√£o provocada pelo aumento de inc√™ndios devido √†s mudan√ßas clim√°ticas.  https://t.co/emYkY3NoJf,pt,[],['https://saense.com.br/2019/07/manejo-sustentavel-pode-salvar-a-amazonia-das-queimadas/'],['https://pbs.twimg.com/media/EAKFZegXYAAC1lB.jpg'],0,2,2,[],[],https://twitter.com/Saense1/status/1153631638410137600,False,,1,https://pbs.twimg.com/media/EAKFZegXYAAC1lB.jpg,,,,,,,[],,,,
1153628194588807169,1153628194588807169,2019-07-23 08:29:29 SA Eastern Standard Time,2019-07-23,08:29:29,-0300,231028272,tudosobreofladf,@tudosobreofla - Ferraz-(√°rea C&T) Pardo,,"#bomdiabrasil Tem sim ter hierarquia. INPE √© do Governo. Ent√£o Min. C &amp; T e Presidente, antecipadamente, tem saber das queimadas, devastamentos, crimes ambientais, a√≠ ter√° como conduzir a comunica√ß√£o voltada p ""den√∫ncias"" do q vem ocorrendo relativamente a destrui√ß√£o da Amaz√¥nia.",pt,[],[],[],1,0,2,['bomdiabrasil'],[],https://twitter.com/TUDOSOBREOFLADF/status/1153628194588807169,False,,0,,,,,,,,[],,,,
1153610681188528128,1153610681188528128,2019-07-23 07:19:54 SA Eastern Standard Time,2019-07-23,07:19:54,-0300,2915897716,cingestor,Carlos Orlando,,Como aumentou o desmatamento? Como aumentou as queimadas na Amaz√¥nia em 2019?  https://t.co/O0k6hewxGw,pt,[],['https://www.instagram.com/p/B0QXLSlh_6w/?igshid=4uj3zsytana9'],[],0,0,0,[],[],https://twitter.com/CinGestor/status/1153610681188528128,False,,0,,,,,,,,[],,,,
1153483424201682949,1153483424201682949,2019-07-22 22:54:13 SA Eastern Standard Time,2019-07-22,22:54:13,-0300,1048052388513435649,paulodaluz12,paulodaluz,,"E nao √© oque INPE conseguiu identificar aumento de queimadas em meses de chuva intensa na Amaz√¥nia ? Vejam o que um morador de Santar√©m, no Para  https://t.co/T6X1QRW0G6",pt,[],[],[],0,1,7,[],[],https://twitter.com/paulodaluz12/status/1153483424201682949,False,,1,https://pbs.twimg.com/ext_tw_video_thumb/1153482983111835648/pu/img/HamVamvto89AoHVl.jpg,,,,,,,[],,,,
1153469015949479937,1153469015949479937,2019-07-22 21:56:58 SA Eastern Standard Time,2019-07-22,21:56:58,-0300,1002781992,atrfisch,Arthur Fisch,,A investida do governo Bolsonaro contra o @inpe_mct me revolta mto. Vou listar algumas das contribui√ß√µes que o centro de excel√™ncia j√° deu ao pa√≠s:  - Urna eletr√¥nica - Sat√©lites - Previs√£o do tempo - Programa espacial brasileiro - Vigil√¢ncia da Amaz√¥nia - Controle de queimadas,pt,"[{'screen_name': 'inpe_mct', 'name': 'inpe', 'id': '308605432'}]",[],[],1,6,51,[],[],https://twitter.com/atrfisch/status/1153469015949479937,False,,0,,,,,,,,[],,,,
1153434122989264906,1153313979709755393,2019-07-22 19:38:19 SA Eastern Standard Time,2019-07-22,19:38:19,-0300,27159683,milenapon,Milena Ponczek,,"@thicolares Junho √© o in√≠cio da esta√ß√£o seca na Amaz√¥nia, quando normalmente come√ßa o desmatamento e as queimadas.",pt,[],[],[],0,0,0,[],[],https://twitter.com/milenapon/status/1153434122989264906,False,,0,,,,,,,,"[{'screen_name': 'thicolares', 'name': 'Thiago Colares', 'id': '32524351'}]",,,,
1153411774835806208,1153410833180975105,2019-07-22 18:09:31 SA Eastern Standard Time,2019-07-22,18:09:31,-0300,128917051,ruisaldanha,DiadaTerra,,"@metsul AMBIENTE | N√∫mero de focos de queimadas no bioma Amaz√¥nia neste m√™s √© muito inferior ao registrado em julhos passados. Os dados s√£o do Instituto Nacional de Pesquisas Espaciais (INPE), institui√ß√£o reconhecida internacionalmente e cujos dados s√£o extremamente confi√°veis. #Ciencia",pt,[],[],[],0,0,0,['ciencia'],[],https://twitter.com/ruisaldanha/status/1153411774835806208,False,,0,,,,,,,,"[{'screen_name': 'metsul', 'name': 'MetSul.com', 'id': '26416363'}]",,,,
1153410833180975105,1153410833180975105,2019-07-22 18:05:46 SA Eastern Standard Time,2019-07-22,18:05:46,-0300,26416363,metsul,MetSul.com,,"AMBIENTE | N√∫mero de focos de queimadas no bioma Amaz√¥nia neste m√™s √© muito inferior ao registrado em julhos passados. Os dados s√£o do Instituto Nacional de Pesquisas Espaciais (INPE), institui√ß√£o reconhecida internacionalmente e cujos dados s√£o extremamente confi√°veis. #Ciencia  https://t.co/r39XfFS4iS",pt,[],[],['https://pbs.twimg.com/media/EAG9CJYW4AMHeIG.jpg'],8,15,116,['ciencia'],[],https://twitter.com/metsul/status/1153410833180975105,False,,1,https://pbs.twimg.com/media/EAG9CJYW4AMHeIG.jpg,,,,,,,[],,,,
1153141631492730885,1153137590519812096,2019-07-22 00:16:03 SA Eastern Standard Time,2019-07-22,00:16:03,-0300,2270745354,davidssssssou,Rosalind Franklin,,"@Cristia53482283 @JornalOGlobo Amaz√¥nia, Cerrado, Caatinga, Pampa, Mata atl√¢ntica(restinho que sobrou) e Pantanal. Pesquisas, dentre elas as revis√µes bibliogr√°ficas demonstra como estamos afetando esses biomas, com desmatamentos, queimadas, polui√ß√£o... Dados cient√≠ficos n√£o s√£o opini√µes, s√£o Fatos.",pt,[],[],[],0,0,0,[],[],https://twitter.com/davidssssssou/status/1153141631492730885,False,,0,,,,,,,,"[{'screen_name': 'JornalOGlobo', 'name': 'Jornal O Globo', 'id': '54341363'}]",,,,
1153139890546233345,1153138516592857088,2019-07-22 00:09:08 SA Eastern Standard Time,2019-07-22,00:09:08,-0300,74749177,maiqueljantsch,Maiquel,,"D√° pra calcular quanto que uma √°rea urbana aumentou, quanto que um lago aumentou ou diminuiu, comparar imagens de antes e depois de inunda√ß√µes, detectar queimadas e v√°rias outras coisas. Agora imagina calcular o desmatamento da Amaz√¥nia se at√© pelo Google Earth d√° pra ter no√ß√£o.",pt,[],[],[],0,0,0,[],[],https://twitter.com/maiqueljantsch/status/1153139890546233345,False,,0,,,,,,,,[],,,,
1153116009856929792,1153116009856929792,2019-07-21 22:34:15 SA Eastern Standard Time,2019-07-21,22:34:15,-0300,89469158,darley_ct,Darley Tigre,,"Amaz√¥nia: Garimpos ilegais, desmatamento, queimadas, tr√°fico de drogas. O que o Sr. @jairbolsonaro est√° esperando para mandar as #For√ßasArmadas pra l√°? #SalveNossaAmazonia",pt,"[{'screen_name': 'jairbolsonaro', 'name': 'jair m. bolsonaro', 'id': '128372940'}]",[],[],1,0,1,"['for√ßasarmadas', 'salvenossaamazonia']",[],https://twitter.com/darley_ct/status/1153116009856929792,False,,0,,,,,,,,[],,,,
1152771392858992640,1152771392858992640,2019-07-20 23:44:52 SA Eastern Standard Time,2019-07-20,23:44:52,-0300,207210007,ulissonfortes,Ulisson Fortes,,"Sou do AM e o per√≠odo que mais inalei fuma√ßa de queimadas foi durante os governos petistas, isso mesmo, fuma√ßa que nem neblina. Dizer que a Amaz√¥nia, em 6 meses, j√° bateu todos os recordes de devasta√ß√£o √© algo muito duvidoso. ü§î",pt,[],[],[],0,0,0,[],[],https://twitter.com/ulissonfortes/status/1152771392858992640,False,,0,,,,,,,,[],,,,
1152385245703839744,1152385245703839744,2019-07-19 22:10:27 SA Eastern Standard Time,2019-07-19,22:10:27,-0300,164324862,flemingjude,"Jude Fleming, Press Freedom, GaslightingAssange",,Brazil wants to protect the Amazon rainforest but Bolsonaro wants to destroy it. Manejo sustent√°vel pode salvar a Amaz√¥nia das queimadas   https://t.co/v8831kUNqo,pt,[],['http://www.inpe.br/noticias/noticia.php?Cod_Noticia=5158'],[],0,1,1,[],[],https://twitter.com/flemingjude/status/1152385245703839744,False,,0,,,,,,,,[],,,,
1151886486247223301,1151886486247223301,2019-07-18 13:08:33 SA Eastern Standard Time,2019-07-18,13:08:33,-0300,138492825,proindio,Comiss√£o Pr√≥-√çndio,,"""Mentira Verde"": 2 mil √°rvores s√£o cortadas por minuto na amaz√¥nia. Mesmo a floresta n√£o impactada por madeireiros e pecuaristas est√° em risco pelos efeitos danosos das mudan√ßas clim√°ticas, da fuma√ßa e da fuligem de grandes queimadas.    https://t.co/7utc6yHslV",pt,[],['https://g1.globo.com/sp/campinas-regiao/terra-da-gente/noticia/2019/07/17/um-dos-maiores-especialistas-do-mundo-em-amazonia-faz-alerta-sobre-o-futuro-da-floresta.ghtml'],[],0,7,11,[],[],https://twitter.com/proindio/status/1151886486247223301,False,,0,,,,,,,,[],,,,
1151645909286973440,1151645909286973440,2019-07-17 21:12:35 SA Eastern Standard Time,2019-07-17,21:12:35,-0300,820422488,cecilia_pt,Cecilia,,Manejo sustent√°vel pode salvar a Amaz√¥nia das queimadas  https://t.co/XjPcTySjVY,pt,[],['http://dlvr.it/R8cLyG'],[],0,0,0,[],[],https://twitter.com/Cecilia_PT/status/1151645909286973440,False,,0,,,,,,,,[],,,,
1151645909022756864,1151645909022756864,2019-07-17 21:12:35 SA Eastern Standard Time,2019-07-17,21:12:35,-0300,758061348,niteroivota13,Niteroi Vota 13,,Axel Grael: Manejo sustent√°vel pode salvar a Amaz√¥nia das queimadas  https://t.co/pJijqCqkML @axelgrael,pt,"[{'screen_name': 'axelgrael', 'name': 'axel grael', 'id': '43326346'}]",['http://dlvr.it/R8cLxP'],[],0,0,1,[],[],https://twitter.com/NiteroiVota13/status/1151645909022756864,False,,0,,,,,,,,[],,,,
1151637441138372613,1151637441138372613,2019-07-17 20:38:57 SA Eastern Standard Time,2019-07-17,20:38:57,-0300,65057420,romeritoaquino,Romerito Aquino,,Amaz√¥nia j√° est√° em chamas com aumento de 35% nas queimadas - Leia no site  https://t.co/MU0dPXrF1V -   https://t.co/XW8LFM8g7i,pt,[],"['http://www.expressoamazonia.com.br', 'https://www.expressoamazonia.com.br/index.php/especiais/632-amazonia-esta-em-chamas-com-aumento-de-35-nas-queimadas.html']",[],0,0,0,[],[],https://twitter.com/romeritoaquino/status/1151637441138372613,False,,0,,,,,,,,[],,,,
1151632959042138117,1151459636685561857,2019-07-17 20:21:08 SA Eastern Standard Time,2019-07-17,20:21:08,-0300,39071504,guilhepreto,Tava Aqui Pensando ü§îüí≠,,"@rafinhabastos Cara, agora eu entendo porque querem desmarcar terras ind√≠genas e n√£o se importar com queimadas na Amaz√¥nia.  Tem que ter mais espa√ßo pra Gado no Brasil! üêÑ",pt,[],[],[],0,0,0,[],[],https://twitter.com/GuilhePreto/status/1151632959042138117,False,,0,,,,,,,,"[{'screen_name': 'rafinhabastos', 'name': 'Rafinha Bastos', 'id': '18297088'}]",,,,
1151628662598438913,1151628662598438913,2019-07-17 20:04:04 SA Eastern Standard Time,2019-07-17,20:04:04,-0300,43326346,axelgrael,Axel Grael,,Gest√£o respons√°vel da Amaz√¥nia evita queimadas  https://t.co/NK0yxIbzZI,pt,[],['https://axelgrael.blogspot.com/2019/07/manejo-sustentavel-pode-salvar-amazonia.html?spref=fb'],[],0,0,1,[],[],https://twitter.com/axelgrael/status/1151628662598438913,False,,0,,,,,,,,[],,,,
1151593920872308736,1151593920872308736,2019-07-17 17:46:00 SA Eastern Standard Time,2019-07-17,17:46:00,-0300,46242982,institutoethos,Instituto Ethos,,"Em quanto tempo as florestas da Amaz√¥nia recuperam suas fun√ß√µes ap√≥s queimadas? As queimadas, quando acontecem de forma n√£o natural, deixam marcas:  https://t.co/549joPF3JA  . Essa agenda estar√° presente na Confer√™ncia Brasileira de Mudan√ßa do Clima:  https://t.co/fB6u7pHvWD  https://t.co/uDZChu9PPp",pt,[],"['https://bit.ly/2JN97Rx', 'http://www.climabrasil.org.br']",['https://pbs.twimg.com/media/D_tIjlqXYAACTmq.png'],0,1,4,[],[],https://twitter.com/institutoethos/status/1151593920872308736,False,,1,https://pbs.twimg.com/media/D_tIjlqXYAACTmq.png,,,,,,,[],,,,
1151179841267478530,1151179841267478530,2019-07-16 14:20:36 SA Eastern Standard Time,2019-07-16,14:20:36,-0300,67302940,ipam_amazonia,IPAM_Amaz√¥nia,,"O cientista do @IPAM_Amazonia @pmbrando afirma que √© preciso acompanhar √°reas queimadas por + tempo, para saber se v√£o se recuperar ou se a vegeta√ß√£o ser√° um h√≠brido de floresta com gram√≠neas ‚Äì o que deixa a √°rea mais suscet√≠vel a novos inc√™ndios.  https://t.co/vHrQaCMiNS #ci√™ncia",pt,"[{'screen_name': 'ipam_amazonia', 'name': 'ipam_amaz√¥nia', 'id': '67302940'}, {'screen_name': 'pmbrando', 'name': 'paulo brando', 'id': '73131891'}]",['http://bit.ly/2JLQqO1'],[],0,6,15,['ci√™ncia'],[],https://twitter.com/IPAM_Amazonia/status/1151179841267478530,False,,0,,,,,,,,[],,,,
1151165303650422784,1151165303650422784,2019-07-16 13:22:50 SA Eastern Standard Time,2019-07-16,13:22:50,-0300,256493925,sou_ecologico,Revista Ecol√≥gico,,Florestas na Amaz√¥nia p√≥s-fogo demoram sete anos para recuperar fun√ß√µes! Pesquisa publicada em revista cient√≠fica por equipe internacional refor√ßa necessidade de √°rea se regenerar depois de queimadas. Veja:  https://t.co/6CJdwQp9q1  https://t.co/mC597P1PVs,pt,[],['https://mla.bs/b63a92b6'],['https://pbs.twimg.com/media/D_nCvipXoAEZ7Ad.jpg'],0,0,0,[],[],https://twitter.com/sou_ecologico/status/1151165303650422784,False,,1,https://pbs.twimg.com/media/D_nCvipXoAEZ7Ad.jpg,,,,,,,[],,,,
1151133869321515008,1151133869321515008,2019-07-16 11:17:56 SA Eastern Standard Time,2019-07-16,11:17:56,-0300,2674564802,niltotatto,üáßüá∑ Nilto Tatto - #ForaBolsonaro üçÄ,,"Fogo, pistolagem e medo na fazenda 1.200 no Par√° Conflito de terra que se arrasta h√° 13 anos vive escalada de viol√™ncia em 2019; fam√≠lias foram atacadas a tiros e suas casas, queimadas @agenciapublica   https://t.co/jSohBO1z20 @Incra_oficial  #Amazonia @342Amazonia   @PTnaCamara  https://t.co/too1Y82zjD",pt,"[{'screen_name': 'agenciapublica', 'name': 'ag√™ncia p√∫blica', 'id': '310497473'}, {'screen_name': 'incra_oficial', 'name': 'incra ascom', 'id': '90619222'}, {'screen_name': '342amazonia', 'name': '342 amaz√¥nia üå≥', 'id': '902281216510054401'}, {'screen_name': 'ptnacamara', 'name': 'pt na c√¢mara', 'id': '75031882'}]",['https://bit.ly/32rT9F5'],['https://pbs.twimg.com/media/D_mmAbsWsAIL5ol.jpg'],0,10,21,['amazonia'],[],https://twitter.com/NiltoTatto/status/1151133869321515008,False,,1,https://pbs.twimg.com/media/D_mmAbsWsAIL5ol.jpg,,,,,,,[],,,,
1151132152852967426,1151132152852967426,2019-07-16 11:11:06 SA Eastern Standard Time,2019-07-16,11:11:06,-0300,4559109856,diiav_inpe,"DIIAV - Impactos, Adapta√ß√£o e Vulnerabilidades",,Manejo sustent√°vel pode salvar a Amaz√¥nia das queimadas| INPE   https://t.co/tSYzuAL1Dt,pt,[],['http://www.inpe.br/noticias/noticia.php?Cod_Noticia=5158'],[],0,0,0,[],[],https://twitter.com/DIIAV_inpe/status/1151132152852967426,False,,0,,,,,,,,[],,,,
